{
  "build": {
    "beforeDevCommand": "npm run dev",
    "beforeBuildCommand": "npm run build",
    "devPath": "http://localhost:4321/",
    "distDir": "../dist"
  },
  "package": {
    "productName": "silkide",
    "version": "0.0.0"
  },
  "tauri": {
    "allowlist": {
      "all": false,
      "shell": {
        "all": false,
        "open": true
      }
    },
    "windows": [
      {
        "title": "silkide",
        "width": 800,
        "height": 600
      }
    ],
    "security": {
      "csp": null
    },
    "bundle": {
      "active": true,
      "targets": "all",
      "identifier": "com.spiderunderurbed.silkide",
      "icon": [
        "icons/32x32.png",
        "icons/128x128.png",
        "icons/128x128@2x.png",
        "icons/icon.icns",
        "icons/icon.ico"
      ]
    }
  }
}
